ID,x,y,field_elev,date,sex,tmax,precip,wind,srad,elevation,elev.units,MEM1,MEM2,MEM3,MEM4,MEM5,MEM6,MEM7,MEM8,MEM9,MEM10,MEM11,MEM12,MEM13,MEM14,MEM15,MEM16,MEM17,MEM18,MEM19,MEM20,MEM21,MEM22,MEM23,MEM24,MEM25
BG02,-107.35502,39.39389038,NA,8/7/22,male,22.39999962,36.66666794,3.066666603,23781.33398,2662.47,meters,0.104428493,-0.224866456,1.021008295,0.212431017,-0.071617961,0.016755414,-0.095845265,-0.033010267,-0.844164959,-0.156488698,-0.490084133,1.549197338,0.332277935,1.295791707,-0.086823651,-0.457216893,-1.598821963,-1.687985991,0.016035577,-0.023638653,0.71886602,-0.047737284,-1.404715952,0.907503371,-1.285699231
BG13,-107.38876,39.39423,NA,8/8/22,male,21.86666679,37.33333206,3.100000143,23806.33398,2705.72,meters,0.128468264,-0.271604954,1.209763236,0.490377451,0.082772622,0.318932416,0.069823144,-0.094230941,-1.581277837,-0.278718294,0.041046379,-0.347929576,0.232058818,3.664920444,-0.353668244,-0.893009259,1.138361979,1.230997921,-0.510780953,0.254281095,-0.197368738,-0.055104749,0.73438858,-0.465718712,0.815227094
BG14,-107.38525,39.39448,NA,8/8/22,female,21.86666679,37.33333206,3.100000143,23806.33398,2707.42,meters,0.10035758,-0.211614903,0.83594639,0.319256985,0.053328428,0.288517762,0.081352769,-0.060209166,-1.422729667,-0.256817733,-0.06149063,0.049232812,0.26950973,3.43699967,-0.329042336,-0.896651352,0.52053189,0.574254091,-0.445863914,0.207816109,0.117838417,-0.036242211,-1.922815691,1.3621527,-2.191438798
BG15,-107.39159,39.38952,NA,8/8/22,male,21.66666603,37.33333206,3.133333445,23776.66602,2726.52,meters,0.101730512,-0.215541066,1.131821386,0.464980963,0.048448384,0.042999807,-0.006199565,-0.06988025,-0.750493854,-0.132307599,0.091940957,-0.416299402,0.145228394,2.869912089,-0.294160653,-0.783548278,1.297659335,1.426094394,-0.663738009,0.38239063,-0.409457705,-0.045194644,2.789528547,-1.896832004,3.138119928
BG16,-107.38862,39.39427,NA,8/8/22,male,21.86666679,37.33333206,3.100000143,23806.33398,2704.59,meters,0.103092441,-0.217502254,0.9043516,0.358692313,0.061154901,0.277278649,0.075693492,-0.067189627,-1.384135835,-0.248060383,-0.012763973,-0.121112137,0.241664653,3.422960075,-0.331527866,-0.878565286,0.804652242,0.879503887,-0.489743065,0.240423099,-0.038600376,-0.039848095,-0.778187854,0.576776127,-0.912780935
BG18,-107.3924103,39.39009,NA,8/8/22,male,21.66666603,37.33333206,3.133333445,23811,2707.89,meters,0.113179078,-0.240908455,1.476781143,0.598604612,0.031357165,-0.179200938,-0.10365543,-0.078475131,-0.185303039,-0.027353933,0.138518312,-0.518274234,0.061406515,1.805033085,-0.18798001,-0.502135631,0.938107473,1.023688037,-0.444914923,0.256302992,-0.278635299,-0.042335021,1.998156092,-1.35629775,2.263379397
BG20,-107.39404,39.38871002,NA,8/8/22,male,21.66666603,37.33333206,3.133333445,23811,2710.73,meters,0.152020873,-0.325663947,2.360786169,0.941905834,0.002293913,-0.626519414,-0.306401432,-0.107191374,0.850482523,0.166226521,0.239665246,-0.764789138,-0.085977982,0.029934262,-0.010952822,-0.034838798,0.349691001,0.361912593,-0.076447461,0.042137006,-0.048821164,-0.044210994,0.640068765,-0.42573331,0.768272716
BG3,-107.35593,39.39921,NA,8/7/22,male,22.39999962,36.66666794,3.066666603,23781.33398,2603.74,meters,0.103252466,-0.220300636,0.91888422,0.24379443,-0.01708142,0.167346117,-0.014936051,-0.045262315,-1.169420833,-0.212837635,-0.337554423,1.008264943,0.315921335,2.019402372,-0.163418757,-0.576736584,-1.041118722,-1.104370776,-0.048982403,-0.007816568,0.624094958,-0.044231404,-2.169128176,1.457052002,-2.217077226
BG5,-107.3665378,39.40171168,NA,8/7/22,male,22.26666641,37,3.066666603,23814.66602,2660.75,meters,0.118888712,-0.251819155,0.974507172,0.32836752,0.045331767,0.377511594,0.069481372,-0.072861416,-1.719967444,-0.307176954,-0.189432061,0.435514712,0.311411825,2.968837538,-0.25911063,-0.720264465,-0.291829898,-0.319118608,-0.114942129,0.004081508,0.444774428,-0.048092593,-2.588827701,1.784365797,-2.794451825
BG7,-107.38487,39.39402008,NA,8/8/22,male,21.86666679,37.33333206,3.100000143,23806.33398,2711.42,meters,0.099246611,-0.209532312,0.80712118,0.291785977,0.045708173,0.301435072,0.075539428,-0.058163721,-1.441785301,-0.259936903,-0.1104445,0.212817357,0.276083229,3.115276846,-0.289523566,-0.801049816,0.150875806,0.169729522,-0.305694115,0.122742316,0.266368469,-0.036406716,-2.441973576,1.705279142,-2.725691303
BG8,-107.39153,39.38991,NA,8/8/22,male,21.66666603,37.33333206,3.133333445,23776.66602,2725.28,meters,0.15400941,-0.326655797,1.737397614,0.710780255,0.072715952,0.062426448,-0.018020633,-0.108541122,-1.116888363,-0.195623307,0.135135966,-0.618021704,0.208762978,4.095926114,-0.416477409,-1.10129365,1.786044408,1.95717033,-0.891443675,0.505822224,-0.5272153,-0.068821338,3.506962843,-2.376951885,3.948445118
CR01,-107.199531,40.484393,2003.89917,7/12/22,male,27.79999924,35.33333206,3.033333302,24200,2008.12,meters,0.103124278,-0.216852535,-0.321107637,0.080176405,0.744660919,2.532880958,-0.515789246,-0.343591657,1.53833951,0.4625443,0.031721186,0.328620597,-0.101743613,0.109243561,-0.239409878,-1.910437834,0.102381774,0.216039105,1.509616196,-2.664408446,-0.034475386,-0.128195129,0.103943288,0.186044848,0.204645121
CR11,-107.195302,40.482023,1991.385376,7/12/22,male,27.66666603,35.33333206,3.033333302,24182,1998.83,meters,0.109199112,-0.229235168,-0.451022281,0.043665311,0.859168046,1.577257989,-0.561644369,-0.154360551,1.321312094,0.234283761,-0.12716332,0.270397691,0.196440887,1.193650258,0.276502434,3.507362682,0.208809728,-0.348495328,0.92494894,2.330249239,0.091654521,0.146994674,-0.078073138,-0.378743351,-0.149787261
CR12,-107.19978,40.48171997,NA,7/13/22,male,27.66666603,35.33333206,3.033333302,24182,2010.59,meters,0.126044749,-0.264557857,-0.318253938,0.108272553,0.832910287,2.834542741,-0.507684181,-0.37668848,1.223026665,0.414940461,0.062368873,0.152438718,-0.141926493,-0.449009438,-0.164399061,-1.686483924,-0.100775825,0.10036195,-0.814887716,-0.010667564,0.097139101,-0.067063078,-0.049538249,0.068876383,0.010477694
CR15,-107.197936,40.482479,1997.794678,7/12/22,male,27.66666603,35.33333206,3.033333302,24182,2002,meters,0.132005225,-0.277253848,-0.513911465,0.064520543,1.019228537,2.215852756,-0.67625008,-0.24237523,1.685608726,0.350946992,-0.113479475,0.34930143,0.170881713,1.232427947,0.229244721,3.22694992,0.240602339,-0.332222012,1.245520365,2.200882277,0.095549029,0.159582645,-0.089460776,-0.451776671,-0.176512431
CR16,-107.198451,40.482433,2002.472046,7/12/22,male,27.66666603,35.33333206,3.033333302,24182,2006.85,meters,0.131558284,-0.276451314,-0.440434374,0.088195976,0.965116868,2.764530271,-0.645211108,-0.348153897,1.737963195,0.463668034,-0.02156466,0.348161028,0.00084477,0.532168393,-0.038470394,0.305071852,0.140566024,-0.04666022,1.071050313,0.051234887,0.054210138,0.025962494,-0.030109177,-0.180162019,-0.037831484
CR17,-107.19857,40.482275,2002.939087,7/12/22,male,27.66666603,35.33333206,3.033333302,24182,2006.69,meters,0.106108235,-0.22273989,-0.311783984,0.080296133,0.736200636,2.312120127,-0.473899041,-0.299777392,1.237091655,0.367365613,0.01804756,0.214400045,-0.060053748,0.038129716,-0.089996986,-0.614063614,0.01804508,0.026084005,0.113699561,0.023039494,0.060024987,-0.01191462,-0.039480292,-0.058350415,-0.025734825
CR18,-107.198643,40.483123,2003.406494,7/12/22,male,27.66666603,35.33333206,3.033333302,24182,2007.39,meters,0.138401046,-0.291120839,-0.438814508,0.10482084,1.007448618,3.262569491,-0.686984796,-0.433832131,1.96456039,0.575079321,0.024362706,0.403278746,-0.095981669,0.234959831,-0.22409704,-1.602621938,0.123869406,0.16685727,1.523079652,-2.104037602,0.00316563,-0.097860502,0.062847055,0.079869308,0.144195321
CR20,-107.199103,40.483944,2002.860229,7/12/22,male,27.79999924,35.33333206,3.033333302,24200,2008.07,meters,0.156248873,-0.328779885,-0.488474346,0.122607854,1.136704653,3.833786947,-0.783493888,-0.51867255,2.300453459,0.69100034,0.045787201,0.481493843,-0.148471021,0.153621047,-0.338827985,-2.685312258,0.140977652,0.294583653,2.048824657,-3.568309228,-0.030584537,-0.176445917,0.130562166,0.237192894,0.271692064
CR3,-107.199426,40.483564,2004.244385,7/12/22,male,27.79999924,35.33333206,3.033333302,24200,2009.27,meters,0.137083554,-0.288272675,-0.408756295,0.109768026,0.974860123,3.279950687,-0.652645664,-0.440972648,1.835414336,0.562846176,0.045513358,0.3537702,-0.132651873,-0.019428549,-0.256909453,-2.125202433,0.059576576,0.206086728,1.014324429,-2.121046669,0.014922118,-0.123753793,0.057328717,0.150817289,0.157982041
CR5,-107.195667,40.483626,1984.790405,7/12/22,male,27.79999924,35.33333206,3.033333302,24200,1992.28,meters,0.109191409,-0.22921895,-0.450983189,0.043664117,0.859100214,1.577198817,-0.561602062,-0.154359047,1.321234957,0.234279556,-0.127146903,0.270384291,0.196416177,1.193538738,0.276465797,3.50696799,0.208796648,-0.348459354,0.924929713,2.330021167,0.091644207,0.146987784,-0.078069805,-0.378732233,-0.149785635
CR8,-107.1998596,40.48171,NA,7/13/22,male,27.66666603,35.33333206,3.033333302,24182,2010.82,meters,0.103942682,-0.217588045,-0.15241007,0.108582299,0.58175024,2.164542566,-0.267242666,-0.287999087,0.249591365,0.195804695,0.102712103,-0.160418483,-0.184396778,-1.180387226,-0.085611197,-1.658885125,-0.322508054,0.02925586,-3.004168073,1.84139091,0.177256911,-0.0500225,-0.119170194,0.09186802,-0.06208083
CR9,-107.195152,40.482175,1989.253174,7/12/22,male,27.66666603,35.33333206,3.033333302,24182,1998.09,meters,0.130308113,-0.27361181,-0.572194595,0.041349265,1.053859176,1.564452129,-0.671232554,-0.130701201,1.441672891,0.205338898,-0.18597073,0.27687022,0.274994084,1.455921118,0.390568724,4.549368921,0.214159714,-0.427261369,0.748934127,2.709990971,0.119905276,0.125937472,-0.066223654,-0.295854328,-0.097315934
DL1,-106.620837,40.415311,2994.57251,6/29/22,female,19.06666565,53,3.733333349,23329.66602,2992.01,meters,0.100118923,-0.208380258,-0.41941987,-0.01220119,0.618729496,-0.315680103,-0.189691648,4.285267337,-0.206114741,0.97363241,0.32419899,-0.061899595,-0.134856709,-0.154682139,-0.080151658,-0.427917443,0.030633322,-0.017566248,0.205951793,-0.006238306,0.071429888,0.165785581,-0.051853803,-0.261332837,-0.082991535
DL10,-106.621041,40.41758,3004.352051,6/29/22,male,18.70000076,53.33333206,3.733333349,23300.66602,3007.18,meters,0.101347466,-0.21089769,-0.410988424,-0.011858318,0.59926877,-0.311845707,-0.159453054,4.947238128,-0.26813946,1.169076757,0.42006194,-0.057255683,-0.220931306,-0.296223794,-0.197328763,-1.191502205,0.146392386,-0.029805847,1.968774159,2.11283763,0.074241318,-1.162171247,0.139555014,0.740510365,0.405744458
DL13,-106.623356,40.398333,2884.047607,6/29/22,female,19.70000076,53,3.633333445,23336.33398,2884.12,meters,0.113404486,-0.238320573,-0.618512811,-0.003879796,1.017668117,0.078893774,-0.55073825,0.081288379,0.554474469,-0.118410494,-0.255538439,-0.004095915,0.279583232,0.742289067,0.37258268,2.845158704,-0.066461397,-0.146277928,-1.032182799,-0.006484729,0.104194477,-0.206446854,0.09437903,0.550285765,0.330918252
DL14,-106.625411,40.395952,2877.615479,6/29/22,male,19.66666603,53,3.633333445,23369.33398,2876.78,meters,0.106741606,-0.224129194,-0.528433538,0.013111175,0.909905648,0.620525744,-0.532286292,-0.003599436,0.8295944,0.013595957,-0.204550344,0.105182011,0.259116123,0.980369002,0.359591772,3.401480843,0.049061403,-0.255916127,-0.294574607,1.134010789,0.10106759,-0.062888549,0.029625148,0.209712837,0.151914685
DL2,-106.614809,40.410096,2935.016846,6/29/22,female,19.29999924,53,3.666666746,23356.66602,2934.51,meters,0.15137044,-0.318542673,-0.902112502,-0.027620966,1.430904172,-0.632455621,-0.712486367,0.206004083,0.306236309,-0.316595707,-0.374847376,-0.157409518,0.340325505,0.490159611,0.421532316,2.2616266,-0.221708709,-0.00376525,-1.976078749,-1.543974023,0.125667179,-0.389716256,0.162473552,0.90330484,0.529783902
DL3,-106.614877,40.410148,2936.137695,6/29/22,female,19.29999924,53,3.666666746,23356.66602,2935.23,meters,0.109959769,-0.230690325,-0.613459484,-0.0186636,0.964060889,-0.437739412,-0.465296792,0.871207531,0.155028068,-0.04236835,-0.189037377,-0.10850977,0.229816682,0.363981617,0.325396506,1.880920814,-0.224427918,0.003975161,-2.615050797,-2.649979268,0.091843939,0.723631933,-0.015409458,-0.035293095,0.053222995
DL4,-106.615971,40.411868,2950.79248,6/29/22,female,19.29999924,53,3.666666746,23356.66602,2949.81,meters,0.104207224,-0.218008589,-0.541448477,-0.016339335,0.841109696,-0.391916559,-0.385068019,1.57424733,0.073298555,0.166112998,-0.081914499,-0.094973558,0.174778627,0.305733251,0.286593827,1.752168001,-0.238079054,0.007179875,-3.160304106,-3.522447251,0.083818425,1.543220816,-0.153421755,-0.762498097,-0.306224654
DL5,-106.616852,40.412174,2959.325684,6/29/22,female,19.06666565,53,3.733333349,23329.66602,2957.43,meters,0.100692113,-0.210173207,-0.488079494,-0.014591292,0.748257645,-0.357437777,-0.317638531,2.268785546,-0.004345259,0.374549158,0.025195263,-0.083221624,0.105611663,0.215091291,0.218228903,1.402906978,-0.212498302,0.006123663,-3.077676387,-3.638013014,0.076314569,1.930644416,-0.241977022,-1.235880086,-0.54478977
DL6,-106.617486,40.412064,2961.33252,6/29/22,female,19.06666565,53,3.733333349,23329.66602,2960.36,meters,0.09893672,-0.206172715,-0.450844093,-0.013345829,0.681664599,-0.333468822,-0.262660404,2.952645328,-0.077217881,0.580234851,0.130034454,-0.073589841,0.027181929,0.100624881,0.127566724,0.876524353,-0.15181904,0.000982567,-2.38235868,-2.970484281,0.07105368,1.780373884,-0.252389285,-1.300733669,-0.584007448
DL7,-106.619729,40.413476,2978.506104,6/29/22,male,19.06666565,53,3.733333349,23329.66602,2977.28,meters,0.098748241,-0.20558719,-0.428253392,-0.012558372,0.638982466,-0.319620443,-0.220032225,3.625231371,-0.144685888,0.780768818,0.23042291,-0.06640138,-0.054936232,-0.026716633,0.024381497,0.23937803,-0.066049667,-0.007382816,-1.210999814,-1.665162309,0.069283377,1.133448746,-0.181335772,-0.936125455,-0.411093616
DL8,-106.621401,40.417091,3003.323975,6/29/22,male,18.70000076,53.33333206,3.733333349,23300.66602,3006.48,meters,0.123848005,-0.257827373,-0.508689051,-0.014710655,0.744065658,-0.385834586,-0.205816051,5.917310131,-0.313133146,1.387635889,0.491239197,-0.072261322,-0.248286913,-0.325275639,-0.209769307,-1.249874482,0.146817092,-0.033433926,1.90945896,1.976292177,0.092379459,-1.032674365,0.113075406,0.604432016,0.35114443
DL9,-106.621851,40.417843,3014.405029,6/29/22,female,18.70000076,53.33333206,3.733333349,23300.66602,3013.88,meters,0.101345605,-0.210893809,-0.410980578,-0.011858091,0.599257274,-0.31183971,-0.159449838,4.947145487,-0.268134547,1.169054957,0.4200542,-0.05725454,-0.220927327,-0.296218538,-0.197325359,-1.191481794,0.146389956,-0.029805293,1.968742198,2.1128043,0.07423975,-1.162153485,0.139553031,0.740499755,0.405738289
FV01,-104.7000809,38.74506,NA,7/27/22,male,28.89999962,59.33333206,3.666666746,23975.66602,1754.99,meters,3.59311657,5.032407852,0.050712856,0.000545124,-0.017836255,-0.030031538,-0.083264285,-0.035287823,0.030721112,0.013193604,-0.01020495,-0.026509851,-0.00757723,-0.012478833,0.004625288,-0.000588471,0.000195949,-0.008913276,0.022736528,-0.018054151,0.047563635,-0.029145192,-0.000339985,0.009135271,0.03756638
FV11,-104.70117,38.74557,NA,7/27/22,female,28.89999962,59.33333206,3.666666746,23975.66602,1754.33,meters,-6.118784754,4.11717134,0.066941743,0.713549205,0.356221603,-0.035788313,0.020083597,-0.045288746,0.002162479,0.001285683,0.032130066,0.220023926,0.128596735,-0.125843791,0.042934103,0.028854435,0.230890864,0.355402137,0.073008234,-0.049691664,1.872060077,-0.038321401,0.045086551,-0.046464817,0.166450902
FV12,-104.70206,38.74549,NA,7/27/22,male,28.89999962,59.33333206,3.666666746,23975.66602,1753.69,meters,-1.523772144,0.956986024,0.028468514,-0.524714734,-0.292678326,-0.023190984,-0.202374365,-0.027525101,0.07011932,0.030390222,-0.068954611,-0.386958488,-0.254637177,0.203853471,-0.071586433,-0.066848302,-0.581353838,-0.946263316,-0.084315108,0.046431825,-5.32044722,-0.051298068,-0.1588625,0.221831187,-0.335937519
FV14,-104.70096,38.74609,NA,7/27/22,male,28.89999962,59.33333206,3.666666746,23975.66602,1754.84,meters,-3.596200646,2.420276665,0.038671687,0.437561058,0.219385233,-0.020370896,0.01833307,-0.025767582,-0.00101437,-0.000238865,0.021165019,0.14217162,0.084235595,-0.080923966,0.027699298,0.019338037,0.157218525,0.244132715,0.045837512,-0.030763435,1.313596662,-0.019817151,0.033723863,-0.037626177,0.112391367
FV16,-104.70158,38.7453,NA,7/27/22,male,28.89999962,59.33333206,3.666666746,23975.66602,1753.87,meters,-2.219528227,1.44898153,0.02966539,-0.169429862,-0.10274865,-0.020406014,-0.118014025,-0.024596069,0.042888011,0.018694162,-0.036783656,-0.202653442,-0.14324194,0.115411986,-0.041417132,-0.041057729,-0.377457553,-0.618787553,-0.053848079,0.030167852,-3.797687635,-0.040328037,-0.128142632,0.179529953,-0.273549281
FV18,-104.7012381,38.74553052,NA,7/27/22,female,28.89999962,59.33333206,3.666666746,23975.66602,1754.3,meters,-3.200915931,2.132533,0.036810617,0.179427206,0.081562645,-0.02161556,-0.045602023,-0.026745665,0.019985053,0.008843935,-0.005542901,-0.016680518,-0.023362126,0.012719355,-0.005531211,-0.010267573,-0.111333508,-0.190555398,-0.004246486,9.00E-05,-1.366585156,-0.032062273,-0.056152558,0.083522346,-0.101057785
FV19,-104.70261,38.74489,NA,7/27/22,male,28.89999962,59.33333206,3.666666746,23975.66602,1753.05,meters,-0.978582611,0.570110818,0.031591844,-0.857276669,-0.471842452,-0.028597831,-0.284718813,-0.033837716,0.096609105,0.041703947,-0.09655261,-0.53694279,-0.332998937,0.256769457,-0.088379621,-0.080380845,-0.656684808,-1.06491799,-0.085412115,0.043196864,-5.313618828,-0.059050386,-0.13179906,0.187275273,-0.254998664
FV3,-104.69967,38.74415,NA,7/27/22,female,28.73333359,59.33333206,3.666666746,23998.33398,1756.02,meters,3.593146877,5.032450442,0.050713304,0.000545129,-0.017836413,-0.030031807,-0.083265037,-0.035288143,0.030721391,0.013193725,-0.010205044,-0.026510095,-0.007577301,-0.012478953,0.004625332,-0.000588477,0.000195951,-0.008913365,0.02273676,-0.018054338,0.047564132,-0.029145505,-0.000339989,0.009135373,0.0375668
FV4,-104.70023,38.74545,NA,7/27/22,male,28.89999962,59.33333206,3.666666746,23975.66602,1755.05,meters,-4.073818143,2.74383651,0.043658269,0.515368181,0.259162711,-0.022799758,0.026602517,-0.028897186,-0.003130052,-0.001132123,0.026376714,0.17539146,0.105704444,-0.100833244,0.034684771,0.024957234,0.207233804,0.323967216,0.057448636,-0.038322134,1.8065128,-0.0207167,0.050253992,-0.058999527,0.155839667
FV5,-104.70023,38.74545,NA,7/27/22,male,28.89999962,59.33333206,3.666666746,23975.66602,1755.05,meters,-4.073818143,2.74383651,0.043658269,0.515368181,0.259162711,-0.022799758,0.026602517,-0.028897186,-0.003130052,-0.001132123,0.026376714,0.17539146,0.105704444,-0.100833244,0.034684771,0.024957234,0.207233804,0.323967216,0.057448636,-0.038322134,1.8065128,-0.0207167,0.050253992,-0.058999527,0.155839667
FV9,-104.7,38.7445,NA,7/27/22,male,28.73333359,59.33333206,3.666666746,23998.33398,1755.5,meters,5.080412696,7.118968892,0.072184308,0.000776223,-0.025399096,-0.042830815,-0.118920455,-0.050420826,0.043922109,0.018868536,-0.014605387,-0.037975652,-0.010892139,-0.017977346,0.006670542,-0.000850091,0.000284075,-0.012925621,0.033059264,-0.026303343,0.069408059,-0.042685502,-0.000500533,0.013453101,0.055334706
HM11,-105.8395309,40.27608,NA,6/29/22,male,20.76666641,50.66666794,3.733333349,22829.33398,2647.89,meters,0.165871674,-0.351394414,-1.252481594,-0.061624609,1.989970546,-1.942533694,-1.535247684,-1.674258404,-0.865270824,2.415480823,0.023635034,-0.176019987,0.392444948,-0.198823638,0.564742242,-0.673476891,0.525550015,-0.448304959,0.182570659,-0.023336413,0.102069181,-1.386465149,-0.033494289,0.039816674,0.155377758
HM12,-105.83965,40.27649,NA,6/29/22,male,20.76666641,50.66666794,3.733333349,22829.33398,2647.89,meters,0.123247952,-0.260295897,-0.839160313,-0.035849964,1.328243485,-1.017688649,-0.851959637,-0.58761801,-0.219037467,0.795716414,-0.117314188,-0.119040608,0.211495996,0.124211328,0.225156943,0.751271353,-0.238632772,0.14276421,-0.877471249,-0.828079598,0.079634597,-1.874521483,0.036007606,0.373762862,0.291840093
HM14,-105.83929,40.27617,NA,6/29/22,male,20.76666641,50.66666794,3.733333349,22829.33398,2647.83,meters,0.146596131,-0.310579035,-1.10190887,-0.054170315,1.748185233,-1.682117553,-1.314736163,-1.416123958,-0.716047,2.007922848,0.017118532,-0.148279287,0.284635356,-0.13920048,0.354686611,-0.361809167,0.087444863,-0.065974843,-0.090597148,-0.304423821,0.085859403,-2.714268013,-0.050516873,0.047796458,0.18321702
HM15,-105.83929,40.27617,NA,6/29/22,female,20.76666641,50.66666794,3.733333349,22829.33398,2647.83,meters,0.146596131,-0.310579035,-1.10190887,-0.054170315,1.748185233,-1.682117553,-1.314736163,-1.416123958,-0.716047,2.007922848,0.017118532,-0.148279287,0.284635356,-0.13920048,0.354686611,-0.361809167,0.087444863,-0.065974843,-0.090597148,-0.304423821,0.085859403,-2.714268013,-0.050516873,0.047796458,0.18321702
HM18,-105.83955,40.27589035,NA,6/29/22,male,20.76666641,50.66666794,3.733333349,22829.33398,2647.58,meters,0.138840109,-0.293593341,-1.044561867,-0.051500628,1.666736686,-1.709360439,-1.399253421,-1.589232153,-0.878310195,2.416435511,0.03292922,-0.167995138,0.539378222,-0.29008416,0.970640035,-1.376438597,1.774219941,-1.543973112,1.051103826,1.007362144,0.092277601,4.315620378,0.05024532,-0.016062638,-0.050975007
HM19,-105.83932,40.27555084,NA,6/29/22,male,20.76666641,50.66666794,3.733333349,22829.33398,2647.41,meters,0.112460968,-0.237555805,-0.83918648,-0.041385296,1.340242918,-1.393616153,-1.151164268,-1.322129463,-0.743481787,2.037335733,0.029792927,-0.139655674,0.485825648,-0.263785806,0.905150207,-1.312149296,1.769942238,-1.542356984,1.078947085,1.081503242,0.074127194,4.953744687,0.062160581,-0.027132836,-0.093380432
HM20,-105.83932,40.27555084,NA,6/29/22,male,20.76666641,50.66666794,3.733333349,22829.33398,2647.41,meters,0.112460968,-0.237555805,-0.83918648,-0.041385296,1.340242918,-1.393616153,-1.151164268,-1.322129463,-0.743481787,2.037335733,0.029792927,-0.139655674,0.485825648,-0.263785806,0.905150207,-1.312149296,1.769942238,-1.542356984,1.078947085,1.081503242,0.074127194,4.953744687,0.062160581,-0.027132836,-0.093380432
HM4,-105.83804,40.27873993,NA,6/29/22,male,20.76666641,50.66666794,3.733333349,22829.33398,2649.71,meters,0.115802286,-0.243049012,-0.645217942,-0.058330128,0.861214366,-0.882573636,0.296543995,-0.575167445,-0.007609513,-0.423769738,0.492420438,0.21824578,-1.529531054,-0.157005121,-2.523657753,-0.030596966,-2.802396505,2.560120022,0.800649119,0.535189082,-0.051731953,1.079161391,-0.045111882,-0.627771375,-0.453631042
HM5,-105.83888,40.27751923,NA,6/29/22,male,20.76666641,50.66666794,3.733333349,22829.33398,2648.79,meters,0.105095977,-0.220883026,-0.634683587,-0.047606525,0.905061468,-0.910615118,-0.076137053,-0.666184561,-0.159491956,0.140733537,0.331330192,0.120206732,-1.02624378,-0.134172024,-1.830895687,-0.043484329,-2.38309236,2.192449543,0.551323406,0.286722176,-0.060977454,-0.484451857,-0.081748549,-0.713652935,-0.483956398
HM6,-105.83895,40.27715,NA,6/29/22,male,20.76666641,50.66666794,3.733333349,22829.33398,2648.49,meters,0.123742136,-0.261368873,-0.86448353,-0.047621466,1.335921295,-1.279051108,-0.775496103,-1.018330378,-0.445370107,1.146409281,0.121627448,-0.03869178,-0.255833204,-0.104170627,-0.608492855,-0.060335346,-1.214222469,1.119185997,0.022901244,-0.217225375,0.005091245,-2.606736699,-0.083353335,-0.367251574,-0.160977666
HM8,-105.83907,40.27743912,NA,6/29/22,female,20.76666641,50.66666794,3.733333349,22829.33398,2648.77,meters,0.112786202,-0.237585934,-0.736192487,-0.046748334,1.100711347,-1.082512026,-0.419429339,-0.840660021,-0.306213411,0.646635053,0.229807174,0.043854493,-0.66388239,-0.12348826,-1.289912371,-0.055310089,-1.960228014,1.80923097,0.313601886,0.043065623,-0.043032386,-1.780278875,-0.098377038,-0.648822828,-0.397990389
HM9,-105.83952,40.27645,NA,6/29/22,male,20.76666641,50.66666794,3.733333349,22829.33398,2647.99,meters,0.199066382,-0.421553245,-1.464617264,-0.071813621,2.314028304,-2.1490516,-1.636417819,-1.712868525,-0.822523368,2.334223691,0.013042864,-0.178297699,0.24108556,-0.111556043,0.199712187,-0.082768374,-0.383093183,0.340424982,-0.37679244,-0.625256397,0.103059252,-3.914325211,-0.059356134,0.055859642,0.213106405
HT12,-105.2972,38.87495041,NA,8/10/22,male,23.03333282,62.66666794,3.766666651,23189.33398,2681.91,meters,-0.321608277,0.037941679,0.074105581,-2.192522503,-1.201590077,-0.068882099,-0.653195065,-0.081433512,0.215863884,0.092434493,-0.202995614,-1.079898667,-0.576029316,0.38534854,-0.124614658,-0.108268173,-0.703387933,-1.131736994,-0.032509689,-0.005144008,-2.953920804,-0.089748803,0.019482811,-0.005510419,0.170639748
HT13,-105.29965,38.87306976,NA,8/10/22,male,23.03333282,62.66666794,3.766666651,23189.33398,2693.99,meters,-0.094145002,-0.10454283,0.074060695,-2.125005102,-1.164695222,-0.067866912,-0.619718535,-0.07993134,0.20320415,0.086775038,-0.186134596,-0.97323939,-0.488749598,0.305448743,-0.095577814,-0.081075621,-0.451163908,-0.721720245,0.008879413,-0.02853123,-0.597079532,-0.069784659,0.079084288,-0.088539815,0.291336171
HT14,-105.29803,38.87408066,NA,8/10/22,male,23.03333282,62.66666794,3.766666651,23189.33398,2691.29,meters,-0.179534165,-0.029476369,0.058649539,-1.855327229,-1.015758923,-0.056210463,-0.556591598,-0.066946453,0.184773873,0.079259267,-0.177031453,-0.950670292,-0.518524113,0.35290244,-0.114656347,-0.099447691,-0.645183611,-1.036253162,-0.028414963,-0.007335834,-2.36073748,-0.081451912,0.059023735,-0.060739797,0.265058444
HT15,-105.29826,38.8733902,NA,8/10/22,female,23.03333282,62.66666794,3.766666651,23189.33398,2694.64,meters,-0.123869022,-0.073177982,0.062704704,-1.95368341,-1.069708992,-0.059686235,-0.581786779,-0.070984562,0.192599463,0.082534209,-0.18275549,-0.975509858,-0.521569016,0.347543999,-0.111809526,-0.096274535,-0.597616814,-0.958154072,-0.015580179,-0.016054841,-1.686517738,-0.079626615,0.082525144,-0.092162729,0.320948161
HT17,-105.29662,38.875,NA,8/10/22,male,23.03333282,62.66666794,3.766666651,23189.33398,2680.79,meters,-0.543533914,0.248300137,0.043687571,-1.329165112,-0.728686118,-0.041106811,-0.410365987,-0.048697773,0.137128368,0.058942648,-0.13371764,-0.72800795,-0.418435718,0.30187881,-0.100900467,-0.089570002,-0.660787205,-1.067346868,-0.063299762,0.023333975,-4.197633092,-0.068732377,-0.060387464,0.094893972,-0.059206103
HT4,-105.30782,38.88325,NA,8/10/22,male,22.86666679,62.66666794,3.766666651,23186,2716.74,meters,-0.05446385,-0.186532333,0.13820973,-2.885979153,-1.590215432,-0.097455748,-0.880813072,-0.106293475,0.229835754,0.110952617,-0.390623367,-0.991179971,-0.705880531,0.174592485,-0.113468198,-0.01277437,0.172224834,-0.106762865,0.039606916,-0.084134126,2.055917127,-0.147303654,-0.73354335,0.081614399,0.823052664
HT5,-105.30782,38.88325,NA,8/10/22,female,22.86666679,62.66666794,3.766666651,23186,2716.74,meters,-0.05446385,-0.186532333,0.13820973,-2.885979153,-1.590215432,-0.097455748,-0.880813072,-0.106293475,0.229835754,0.110952617,-0.390623367,-0.991179971,-0.705880531,0.174592485,-0.113468198,-0.01277437,0.172224834,-0.106762865,0.039606916,-0.084134126,2.055917127,-0.147303654,-0.73354335,0.081614399,0.823052664
HT6,-105.30782,38.88325,NA,8/10/22,male,22.86666679,62.66666794,3.766666651,23186,2716.74,meters,-0.05446385,-0.186532333,0.13820973,-2.885979153,-1.590215432,-0.097455748,-0.880813072,-0.106293475,0.229835754,0.110952617,-0.390623367,-0.991179971,-0.705880531,0.174592485,-0.113468198,-0.01277437,0.172224834,-0.106762865,0.039606916,-0.084134126,2.055917127,-0.147303654,-0.73354335,0.081614399,0.823052664
HT7,-105.30782,38.88325,NA,8/10/22,male,22.86666679,62.66666794,3.766666651,23186,2716.74,meters,-0.05446385,-0.186532333,0.13820973,-2.885979153,-1.590215432,-0.097455748,-0.880813072,-0.106293475,0.229835754,0.110952617,-0.390623367,-0.991179971,-0.705880531,0.174592485,-0.113468198,-0.01277437,0.172224834,-0.106762865,0.039606916,-0.084134126,2.055917127,-0.147303654,-0.73354335,0.081614399,0.823052664
HT8,-105.30782,38.88325,NA,8/10/22,male,22.86666679,62.66666794,3.766666651,23186,2716.74,meters,-0.05446385,-0.186532333,0.13820973,-2.885979153,-1.590215432,-0.097455748,-0.880813072,-0.106293475,0.229835754,0.110952617,-0.390623367,-0.991179971,-0.705880531,0.174592485,-0.113468198,-0.01277437,0.172224834,-0.106762865,0.039606916,-0.084134126,2.055917127,-0.147303654,-0.73354335,0.081614399,0.823052664
HT9,-105.30701,38.88335,NA,8/10/22,male,23.10000038,62.66666794,3.766666651,23189.33398,2716.63,meters,-0.137566687,-0.202037848,0.147955709,-3.771420101,-2.070430841,-0.128442149,-1.064331371,-0.148847487,0.343651835,0.145924452,-0.296987807,-1.498332354,-0.670468637,0.366075936,-0.107464598,-0.088505104,-0.36486768,-0.581736554,0.063780171,-0.066769261,1.03713162,-0.086652729,0.079068707,-0.0810358,0.295143302
KP10,-107.19495,38.89345,NA,8/10/22,male,22.13333321,38,3.066666603,23929.66602,2746.79,meters,0.158598653,-0.352547783,1.605511355,-0.015918877,-0.332137911,-0.212231103,-0.370017561,-0.008621961,-0.880727477,-0.170549633,-1.433320761,4.561130746,0.584556574,-0.143214765,0.09501803,-0.272562802,-3.25115574,-3.395234736,0.196486138,-0.072931684,0.846371946,-0.082621552,1.361295932,-1.004985499,1.892835185
KP11,-107.19493,38.89349,NA,8/10/22,female,22.13333321,38,3.066666603,23929.66602,2746.68,meters,0.104649121,-0.23192737,1.046121895,-0.010444441,-0.216581197,-0.138406674,-0.240652496,-0.003188264,-0.592527134,-0.115526275,-0.965468551,3.09391432,0.405195881,-0.098643836,0.066323256,-0.193926141,-2.363126875,-2.470301001,0.140550226,-0.050492767,0.627903298,-0.055863398,1.083279895,-0.803974243,1.498642995
KP12,-107.1646,38.86329,NA,8/10/22,male,21.73333359,38.33333206,3.066666603,23848,2695.09,meters,0.092309268,-0.220797698,0.768551107,-0.429456969,-0.387890419,-0.108730486,-0.328919514,0.010704953,-0.553991337,-0.102044982,-1.144360967,3.339553759,0.211108269,-0.960866306,0.116912266,0.184179033,0.228348859,0.290447939,0.049698839,-0.015599655,-0.48549284,-0.02008714,0.714125605,-0.375209606,0.476348327
KP14,-107.1614304,38.86262,NA,8/10/22,male,21.73333359,38.33333206,3.066666603,23848,2699.13,meters,0.077540291,-0.217137893,0.532071232,-0.938504185,-0.615870607,-0.08728703,-0.449562806,0.010939061,-0.457719738,-0.072706099,-1.223282275,3.130072328,-0.057052924,-1.57526379,0.131856616,0.504326402,2.770748304,2.958714231,-0.048822648,0.010005852,-1.190412367,-0.005343984,-0.296593648,0.390410604,-0.876214382
KP15,-107.1614304,38.86262,NA,8/10/22,male,21.73333359,38.33333206,3.066666603,23848,2699.13,meters,0.077540291,-0.217137893,0.532071232,-0.938504185,-0.615870607,-0.08728703,-0.449562806,0.010939061,-0.457719738,-0.072706099,-1.223282275,3.130072328,-0.057052924,-1.57526379,0.131856616,0.504326402,2.770748304,2.958714231,-0.048822648,0.010005852,-1.190412367,-0.005343984,-0.296593648,0.390410604,-0.876214382
KP16,-107.16017,38.86173,NA,8/10/22,male,21.73333359,38.33333206,3.066666603,23848,2698.65,meters,-0.013795165,-0.166004435,0.169960043,-2.069576567,-1.154741775,-0.076376549,-0.666652859,-0.06576876,0.07474096,0.062029825,-0.48755764,-0.126178719,-0.52326527,-0.193003923,-0.058788003,0.102346049,0.809123031,0.64228175,0.007977687,-0.057513409,1.383562022,-0.111906673,-0.805904607,0.214081847,0.426706734
KP17,-107.1605325,38.86192974,NA,8/10/22,male,21.73333359,38.33333206,3.066666603,23848,2698.5,meters,0.024640227,-0.154957414,0.246830831,-1.2881048,-0.747238062,-0.062514901,-0.466456272,-0.024165202,-0.122793847,0.004035274,-0.662909815,1.03475598,-0.28936036,-0.695371284,0.018373667,0.25410984,1.600562836,1.595232744,-0.025472687,-0.021282487,0.248699165,-0.055605649,-0.672207671,0.337731024,-0.212838995
KP19,-107.1612396,38.86265,NA,8/10/22,female,21.73333359,38.33333206,3.066666603,23848,2699.84,meters,0.063379636,-0.207533919,0.445667692,-1.14050978,-0.707699235,-0.081641151,-0.487547729,-0.000208893,-0.360326797,-0.048135198,-1.102625181,2.56101428,-0.163552941,-1.405567484,0.100339889,0.471895948,2.739559713,2.880240653,-0.052606625,0.001611597,-0.792775389,-0.02303105,-0.569862475,0.47626109,-0.817201293
KP20,-107.16152,38.86262,NA,8/10/22,male,21.73333359,38.33333206,3.066666603,23848,2698.93,meters,0.090056543,-0.233750389,0.65957135,-0.790179679,-0.561344793,-0.100868127,-0.43083099,0.014350521,-0.541623895,-0.092761653,-1.307106621,3.541821631,0.052956388,-1.523301724,0.143916441,0.441126784,2.117187263,2.287597477,-0.017811265,0.004243633,-1.140048078,-0.005945116,0.120315176,0.120720184,-0.472909472
KP5,-107.21425,38.8966,NA,8/10/22,female,22.33333397,37,3.066666603,23977.33398,2696.29,meters,0.134571953,-0.293539916,1.472878754,0.232745931,-0.168839605,-0.187318629,-0.244394331,-0.031097547,-0.59467204,-0.113315929,-0.805579703,2.591693749,0.402974838,0.468509572,0.009384365,-0.332949139,-2.40422082,-2.52856706,0.115080798,-0.053642404,0.831254506,-0.065105278,-0.123891617,0.007361768,0.23549473
KP9,-107.19456,38.89284,NA,8/10/22,female,22.13333321,38,3.066666603,23929.66602,2746.32,meters,0.110739459,-0.252828045,1.029497581,-0.215983239,-0.324788334,-0.139696064,-0.312075749,0.004282408,-0.649268296,-0.123915571,-1.180335806,3.62877508,0.363372873,-0.562801968,0.102780326,-0.023963418,-1.359136022,-1.391853564,0.113804597,-0.038861184,0.116517003,-0.043661887,1.103146303,-0.728394599,1.219125136
LF13,-105.26987,40.15398,NA,7/15/22,male,28.70000076,45.33333206,3.433333397,23380.33398,1720.15,meters,0.109812505,-0.234640837,-0.388312366,-0.203010573,-0.00437841,-0.341417267,2.201601136,-0.374124031,0.311494754,-0.088752885,2.152082094,0.851558123,-1.310079623,-0.013688357,-0.710765581,0.194214485,1.848821405,-1.74534908,-0.348040302,-0.30625233,0.140564763,-0.672826903,-0.796646711,-0.024677207,0.857902817
LF14,-105.2696304,40.15346,NA,7/15/22,male,28.70000076,45.33333206,3.433333397,23380.33398,1718.04,meters,0.082176164,-0.184978102,-0.229937514,-0.40808644,-0.153644567,-0.192491492,1.574407896,-0.2464242,0.266700912,-0.079279369,2.231829511,0.579664043,1.478303467,-0.190782062,0.049188249,0.048364052,0.609957875,-0.353988991,-0.109099671,-0.142753503,-0.237447941,-0.473204141,-1.968263589,0.255237678,1.860924227
LF15,-105.26971,40.15346,NA,7/15/22,male,28.70000076,45.33333206,3.433333397,23380.33398,1718.26,meters,0.08833008,-0.192784497,-0.278829777,-0.286162015,-0.076398132,-0.239375724,1.740194499,-0.282332447,0.266577033,-0.079465655,2.067140436,0.670211996,0.18141804,-0.104708588,-0.298702579,0.115302222,1.201334933,-1.013300175,-0.231677377,-0.224173866,-0.077176742,-0.601591264,-1.583867628,0.136870366,1.544136978
LF16,-105.26949,40.15351,NA,7/15/22,male,28.70000076,45.33333206,3.433333397,23380.33398,1717.83,meters,0.090609818,-0.213695486,-0.223455391,-0.654696481,-0.286113785,-0.183551827,1.681710167,-0.258119141,0.322906539,-0.0912099,2.816524077,0.559022196,3.201760272,-0.314152534,0.471652719,-0.029810708,-0.098208323,0.434024348,0.052146089,-0.045125393,-0.386488659,-0.27610457,-2.059329021,0.354221379,1.903640501
LF17,-105.2692795,40.15335,NA,7/15/22,male,28.70000076,45.33333206,3.433333397,23380.33398,1716.76,meters,0.084955576,-0.208156385,-0.19514869,-0.745767001,-0.342541715,-0.160411679,1.533452263,-0.236591557,0.318992527,-0.084841599,2.783552686,0.459309976,3.706348981,-0.331842966,0.639568562,-0.072257327,-0.516361115,0.815384969,0.145168757,0.023430199,-0.348455731,-0.072469551,-1.359376362,0.288768965,1.238399651
LF18,-105.2692795,40.15335,NA,7/15/22,male,28.70000076,45.33333206,3.433333397,23380.33398,1716.76,meters,0.084955576,-0.208156385,-0.19514869,-0.745767001,-0.342541715,-0.160411679,1.533452263,-0.236591557,0.318992527,-0.084841599,2.783552686,0.459309976,3.706348981,-0.331842966,0.639568562,-0.072257327,-0.516361115,0.815384969,0.145168757,0.023430199,-0.348455731,-0.072469551,-1.359376362,0.288768965,1.238399651
LF3,-105.26868,40.15301,NA,7/15/22,male,28.70000076,45.33333206,3.433333397,23380.33398,1713.88,meters,0.035408588,-0.167286214,-0.065605967,-1.220139194,-0.635871754,-0.092469754,0.516874261,-0.139415078,0.246458225,-0.011253432,1.458307677,-0.201607845,2.398263546,-0.078500493,0.512983525,-0.126449168,-1.072579936,0.753521895,0.248111272,0.129358289,0.587562125,0.544422113,3.645377341,-0.532825551,-3.268267177
LF4,-105.26832,40.15280914,NA,7/13/22,male,28.70000076,45.33333206,3.433333397,23380.33398,1712.19,meters,0.011790812,-0.162678506,-0.024625058,-1.528757755,-0.814109782,-0.085526985,0.187893416,-0.123846835,0.240938018,0.017351443,1.026044329,-0.441535938,1.732462497,0.021072119,0.390594171,-0.124713506,-1.017673613,0.515745502,0.227104365,0.112411483,0.811102994,0.537156533,3.937095933,-0.61003501,-3.471497257
LF5,-105.26826,40.15274048,NA,7/15/22,female,28.70000076,45.33333206,3.433333397,23380.33398,1711.69,meters,-0.018846183,-0.139972866,0.017879777,-1.697163355,-0.917343879,-0.07506503,-0.136190486,-0.10128376,0.212992792,0.042805129,0.510452787,-0.601727491,0.842893035,0.103320099,0.203556965,-0.096182632,-0.711798495,0.168671558,0.152308886,0.057116155,0.77437945,0.331723901,2.645424693,-0.432602932,-2.250357531
LF6,-105.26884,40.15302,NA,7/15/22,male,28.70000076,45.33333206,3.433333397,23380.33398,1714.32,meters,0.079051088,-0.208084452,-0.172370936,-0.87962033,-0.420954472,-0.147371369,1.374311127,-0.221985897,0.317768944,-0.073744445,2.658904531,0.330476865,3.812253749,-0.306692382,0.706004437,-0.101312602,-0.806885585,0.98698833,0.208354991,0.073462457,-0.158002363,0.140199461,-2.82E-05,0.089263569,-0.007012172
LF7,-105.26882,40.15299,NA,7/15/22,male,28.70000076,45.33333206,3.433333397,23380.33398,1714.11,meters,0.052723296,-0.170731322,-0.104722163,-0.958272641,-0.48336674,-0.104819949,0.835713721,-0.159815213,0.254447103,-0.037633354,1.85776865,0.039929507,2.891525876,-0.173759464,0.581369057,-0.112435371,-0.950834603,0.861848462,0.229046374,0.110966113,0.246746764,0.39039948,2.174472894,-0.276844812,-1.971015561
LL10,-105.860324,40.656745,NA,7/9/22,male,19.5,57,3.900000095,23039.33398,2644.06,meters,0.133601774,-0.280778594,-0.783939786,-0.038435771,1.18473683,-0.891749046,-0.108549053,0.13107268,0.608900743,-3.496088988,-1.081950444,-0.514549539,0.536563117,-0.246814489,0.656104629,-0.824935988,0.613399532,-0.518761085,0.331608227,0.142041074,0.099003922,-0.121653077,0.185727392,0.925215358,0.498125342
LL11,-105.860417,40.656825,NA,7/9/22,male,19.5,57,3.900000095,23039.33398,2643.91,meters,0.123103821,-0.258446897,-0.711651825,-0.034570658,1.075693667,-0.817238732,-0.090749939,0.138187016,0.580152873,-3.388699493,-1.066767795,-0.50906276,0.603991895,-0.270769213,0.815092939,-1.022545451,0.963242366,-0.8219419,0.506583664,0.312821617,0.091651453,-0.790990223,-0.513036319,-2.275541632,-0.938831303
LL12,-105.860219,40.655927,NA,7/9/22,male,19.5,57,3.900000095,23039.33398,2645.28,meters,0.096712717,-0.202795931,-0.532725526,-0.039090212,0.745108762,-0.65084672,0.162226621,-0.189563598,0.208100142,-1.300948033,-0.054077598,-0.023056644,-0.691305164,-0.121289572,-1.244179254,-0.092926503,-1.502350478,1.374009503,0.433381258,0.280245457,-0.009967122,1.360226774,0.335243126,1.270771159,0.470126915
LL14,-105.86026,40.655651,NA,7/10/22,male,19.5,57,3.900000095,23039.33398,2646.02,meters,0.113195075,-0.237411271,-0.612527619,-0.05559424,0.809828559,-0.798526407,0.374173717,-0.419641993,0.112670793,-0.896146116,0.365718848,0.170957309,-1.417305269,-0.152652004,-2.324252025,-0.047531116,-2.496193426,2.275222248,0.759123353,0.532894927,-0.033485428,1.749493342,0.109847248,0.110574968,-0.098314336
LL15,-105.860397,40.65646,NA,7/10/22,female,19.5,57,3.900000095,23039.33398,2644.55,meters,0.14879769,-0.312846559,-0.877311736,-0.043160952,1.325425213,-0.981244446,-0.136320844,0.125418188,0.641959224,-3.605644032,-1.099369947,-0.520552432,0.472624987,-0.217436685,0.512369479,-0.618871721,0.320594299,-0.268964755,0.172524128,-0.000963479,0.104612056,0.296342327,0.557047278,2.609043939,1.248112263
LL3,-105.860153,40.656633,NA,7/9/22,female,19.5,57,3.900000095,23039.33398,2644.09,meters,0.115250789,-0.242151825,-0.673449537,-0.033700537,1.01450875,-0.765719587,-0.08261723,0.093803689,0.504740484,-2.8894908,-0.870517014,-0.412605051,0.366769835,-0.194491111,0.393155171,-0.590397415,0.260094838,-0.209231216,0.223476638,0.066589168,0.076840438,0.28762073,0.476430397,2.221174233,1.051338535
LL4,-105.859954,40.657484,NA,7/9/22,male,19.5,57,3.900000095,23039.33398,2641.4,meters,0.085194857,-0.178322435,-0.471118203,-0.022785299,0.710156828,-0.551685712,-0.041303992,0.109502776,0.413610561,-2.496248802,-0.797193167,-0.381654699,0.517550725,-0.237980425,0.762441236,-1.012232339,1.076255933,-0.918733518,0.602391986,0.446586178,0.056240904,-1.278794316,-1.142377498,-5.189552652,-2.276370792
LL5,-105.860638,40.6563,NA,7/9/22,male,19.5,57,3.900000095,23039.33398,2644.96,meters,0.133020951,-0.279663416,-0.782071157,-0.03640076,1.189183924,-0.804663004,-0.212549945,0.100520385,0.481512426,-2.430248936,-0.761169131,-0.355111965,0.282341366,-0.03865237,0.253016596,0.121266687,-0.05656282,0.020053626,-0.306069662,-0.331274513,0.087761907,0.300770672,0.446217491,2.077460872,0.990842491
LL6,-105.860348,40.656407,NA,7/9/22,male,19.5,57,3.900000095,23039.33398,2644.39,meters,0.115193478,-0.241974929,-0.668844246,-0.034799023,1.001236038,-0.759764755,-0.061589727,0.058383541,0.468008011,-2.667136121,-0.760074803,-0.358629037,0.210938667,-0.170445031,0.133821462,-0.442998158,-0.077064478,0.089461766,0.189381102,0.043673456,0.063409853,0.594765129,0.589718792,2.686685643,1.231810702
LL7,-105.860582,40.656602,NA,7/9/22,male,19.5,57,3.900000095,23039.33398,2644.34,meters,0.134125282,-0.281915555,-0.788066774,-0.038086878,1.193211082,-0.8791754,-0.133092161,0.129920418,0.590391591,-3.322332146,-1.035453938,-0.491233827,0.508423749,-0.207915796,0.614778022,-0.653514433,0.535930765,-0.4619866,0.206503947,0.050183469,0.099197165,-0.127323177,0.163780839,0.82208155,0.451046126
LL8,-105.860524,40.657048,NA,7/9/22,male,19.5,57,3.900000095,23039.33398,2643.55,meters,0.113504853,-0.237856934,-0.638517232,-0.03092767,0.963559919,-0.745193661,-0.062894569,0.142426537,0.552111985,-3.306038378,-1.052755454,-0.503978337,0.664353446,-0.304264987,0.962684343,-1.264795888,1.316933921,-1.124295995,0.730172184,0.525995725,0.079626398,-1.482956062,-1.276974291,-5.787097166,-2.523074772
LL9,-105.860264,40.656055,NA,7/9/22,male,19.5,57,3.900000095,23039.33398,2645.02,meters,0.116658599,-0.24493599,-0.667211502,-0.038087576,0.982775486,-0.756265955,-0.010775362,-0.02688122,0.386348594,-2.173780261,-0.508443005,-0.236889958,-0.13719832,-0.123225755,-0.421358548,-0.160053117,-0.728656647,0.665716291,0.16380369,0.040086972,0.03761468,0.997174364,0.560684102,2.443640749,1.068761509
MS01,-107.61153,38.87611008,NA,8/8/22,male,30.29999924,26.33333397,2.700000048,24719.33398,1759,meters,0.15980158,-0.343418679,2.501161425,0.950617089,-0.029284706,-0.714290088,-0.362831874,-0.104581482,1.015275671,0.19551358,0.132156121,-0.385990397,-0.070599198,-0.580701636,0.059712348,0.101722785,-0.316696922,-0.356497444,0.102492422,-0.06041298,0.192221157,-0.046539121,-0.094712112,0.060847318,0.012220177
MS10,-107.6120605,38.87608,NA,8/8/22,male,30.29999924,26.33333397,2.700000048,24719.33398,1760.18,meters,0.143900466,-0.308238505,2.353916406,0.952862829,-0.003621671,-0.743173165,-0.345261661,-0.101642804,1.28720603,0.246815115,0.30173634,-0.925583182,-0.180490092,-1.031741302,0.093449961,0.277229402,0.127612138,0.103803934,0.165773103,-0.102701636,0.019671027,-0.02176258,-0.590753462,0.429233393,-0.685496162
MS12,-107.61179,38.87607,NA,8/8/22,male,30.29999924,26.33333397,2.700000048,24719.33398,1759.56,meters,0.162471285,-0.348600959,2.680778195,1.077242013,-0.006607124,-0.828214161,-0.392019355,-0.117256212,1.386696579,0.266545397,0.316413566,-0.973099215,-0.18199737,-0.998655356,0.090443874,0.256102378,0.111716479,0.085804837,0.151081295,-0.093748938,0.045937153,-0.0368538,-0.391254836,0.289938563,-0.417402976
MS13,-107.61179,38.87607,NA,8/8/22,male,30.29999924,26.33333397,2.700000048,24719.33398,1759.56,meters,0.162471285,-0.348600959,2.680778195,1.077242013,-0.006607124,-0.828214161,-0.392019355,-0.117256212,1.386696579,0.266545397,0.316413566,-0.973099215,-0.18199737,-0.998655356,0.090443874,0.256102378,0.111716479,0.085804837,0.151081295,-0.093748938,0.045937153,-0.0368538,-0.391254836,0.289938563,-0.417402976
MS14,-107.61179,38.87607,NA,8/8/22,male,30.29999924,26.33333397,2.700000048,24719.33398,1759.56,meters,0.162471285,-0.348600959,2.680778195,1.077242013,-0.006607124,-0.828214161,-0.392019355,-0.117256212,1.386696579,0.266545397,0.316413566,-0.973099215,-0.18199737,-0.998655356,0.090443874,0.256102378,0.111716479,0.085804837,0.151081295,-0.093748938,0.045937153,-0.0368538,-0.391254836,0.289938563,-0.417402976
MS20,-107.61136,38.87594,NA,8/8/22,male,30.29999924,26.33333397,2.700000048,24719.33398,1758.28,meters,0.106239041,-0.229598919,1.398914476,0.406594568,-0.074529881,-0.311466565,-0.213684427,-0.045249976,0.106679355,0.020467884,-0.276420474,0.912767371,0.141611939,-0.010114102,0.024658501,-0.103871438,-1.154875291,-1.22360936,0.084306969,-0.042731773,0.435296121,-0.040195034,-0.09673619,0.025208961,0.104492788
MS3,-107.61153,38.87611008,NA,8/8/22,male,30.29999924,26.33333397,2.700000048,24719.33398,1759,meters,0.167236438,-0.358940642,2.73553324,1.09140406,-0.008862814,-0.825720087,-0.395706356,-0.119768621,1.334453646,0.256911917,0.296391155,-0.912146352,-0.162946147,-0.855328832,0.077355841,0.208029429,0.085129932,0.060729696,0.12040628,-0.074749366,0.059524602,-0.042625016,-0.200645677,0.154661943,-0.177723508
MS4,-107.61153,38.87611008,NA,8/8/22,male,30.29999924,26.33333397,2.700000048,24719.33398,1759,meters,0.167236438,-0.358940642,2.73553324,1.09140406,-0.008862814,-0.825720087,-0.395706356,-0.119768621,1.334453646,0.256911917,0.296391155,-0.912146352,-0.162946147,-0.855328832,0.077355841,0.208029429,0.085129932,0.060729696,0.12040628,-0.074749366,0.059524602,-0.042625016,-0.200645677,0.154661943,-0.177723508
MS5,-107.61153,38.87611008,NA,8/8/22,male,30.29999924,26.33333397,2.700000048,24719.33398,1759,meters,0.167236438,-0.358940642,2.73553324,1.09140406,-0.008862814,-0.825720087,-0.395706356,-0.119768621,1.334453646,0.256911917,0.296391155,-0.912146352,-0.162946147,-0.855328832,0.077355841,0.208029429,0.085129932,0.060729696,0.12040628,-0.074749366,0.059524602,-0.042625016,-0.200645677,0.154661943,-0.177723508
MS6,-107.61153,38.87611008,NA,8/8/22,male,30.29999924,26.33333397,2.700000048,24719.33398,1759,meters,0.167236438,-0.358940642,2.73553324,1.09140406,-0.008862814,-0.825720087,-0.395706356,-0.119768621,1.334453646,0.256911917,0.296391155,-0.912146352,-0.162946147,-0.855328832,0.077355841,0.208029429,0.085129932,0.060729696,0.12040628,-0.074749366,0.059524602,-0.042625016,-0.200645677,0.154661943,-0.177723508
MS7,-107.61153,38.87611008,NA,8/8/22,male,30.29999924,26.33333397,2.700000048,24719.33398,1759,meters,0.167236438,-0.358940642,2.73553324,1.09140406,-0.008862814,-0.825720087,-0.395706356,-0.119768621,1.334453646,0.256911917,0.296391155,-0.912146352,-0.162946147,-0.855328832,0.077355841,0.208029429,0.085129932,0.060729696,0.12040628,-0.074749366,0.059524602,-0.042625016,-0.200645677,0.154661943,-0.177723508
MS9,-107.6120903,38.87597483,NA,8/8/22,male,30.29999924,26.33333397,2.700000048,24719.33398,1759.94,meters,0.089726039,-0.191791192,1.438050458,0.584322861,-0.001360831,-0.458204968,-0.209684103,-0.061027618,0.805845342,0.154191725,0.191486893,-0.585416016,-0.116080248,-0.675570438,0.061069628,0.185006273,0.086877881,0.072486307,0.110118684,-0.067928339,0.002537009,-0.007844155,-0.440352517,0.317667926,-0.524761927
NF3,-105.494855,40.487894,NA,6/11/22,male,21.20000076,53.33333206,3.900000095,22554.66602,2491.01,meters,0.095329884,-0.202019142,-0.355634897,-0.135341606,0.079512102,-0.339960996,1.807534435,-0.342964346,0.246118002,-0.13927387,1.74040622,0.743423655,-1.68344103,-0.002706397,-1.149803367,0.19626962,1.45965666,-1.439427467,-0.221830197,-0.182465846,0.198559045,-0.134807737,-0.581147466,-0.577015238,0.393372541
NF4,-105.494887,40.488164,NA,6/11/22,male,21.20000076,53.33333206,3.900000095,22554.66602,2494.18,meters,0.121735317,-0.256858205,-0.480951255,-0.134075174,0.189187403,-0.487014244,2.167557608,-0.457428403,0.288342958,-0.236728324,2.02002719,0.910758794,-2.562553235,0.002794464,-1.866338298,0.248198699,1.41420339,-1.463742579,-0.135940488,-0.10577688,0.300629512,0.326932153,-0.401498632,-1.087885883,0.00279488
NF5,-105.4953,40.488246,NA,6/11/22,male,21.20000076,53.33333206,3.900000095,22554.66602,2497.84,meters,0.098706309,-0.207551184,-0.422066608,-0.090346545,0.298744307,-0.478044966,1.39630251,-0.39037236,0.181633775,-0.312454805,1.354595319,0.62443357,-2.089206272,-0.040512926,-2.037183444,0.160110557,0.061428723,-0.174628367,0.193699199,0.159738814,0.184283673,1.036467322,-0.366215991,-1.227071307,-0.222769497
NF6,-105.496443,40.487899,NA,6/11/22,male,21.20000076,53.33333206,3.900000095,22554.66602,2499.75,meters,0.113296414,-0.237678432,-0.587249374,-0.066240915,0.713378706,-0.768901205,0.640397401,-0.488905641,0.085824486,-0.60701126,0.710773903,0.332195352,-1.819790658,-0.139335886,-2.679838297,0.016342178,-2.339712617,2.10474011,0.77128911,0.562510739,0.004276823,1.801090555,-0.119063741,-0.788168224,-0.405293626
NF7,-105.495703,40.488221,NA,6/11/22,male,21.20000076,53.33333206,3.900000095,22554.66602,2499.75,meters,0.097500611,-0.204622308,-0.456740862,-0.072369982,0.44931578,-0.563178802,0.978646571,-0.403823484,0.126033878,-0.421601392,0.995191902,0.46522625,-1.895778198,-0.082677124,-2.298279576,0.093048305,-1.065660064,0.896737194,0.471258136,0.365676781,0.095048993,1.505678691,-0.279563894,-1.142152046,-0.354442798
NF8,-105.494517,40.488631,NA,6/12/22,female,21.20000076,53.33333206,3.900000095,22554.66602,2499.41,meters,0.096321918,-0.203190044,-0.368976039,-0.093675985,0.076475508,-0.341427211,1.856583842,-0.344090733,0.248506294,-0.101397874,1.576592537,0.723257641,-2.024105955,0.044296425,-0.970874342,0.187400381,1.484961658,-1.499526573,-0.238865602,-0.198272018,0.261534353,-0.226596172,0.156179984,-0.340662071,-0.150516352
OC1,-107.44997,39.579319,NA,8/8/22,male,28.63333321,30.33333397,2.766666651,24617.66602,1747.66,meters,0.113339068,-0.237778838,0.435936289,0.258217692,0.261236905,1.416416675,0.262851549,-0.18747747,-3.072981245,-0.495287307,0.214410775,-1.249206228,-0.17506245,-1.600413207,0.240414878,1.149180122,-0.022216847,-0.198547134,1.326249056,-0.811254385,0.020501587,-0.040850661,0.243460058,-0.152617812,0.321078809
OC11,-107.4492493,39.581,NA,8/8/22,male,28.63333321,30.33333397,2.766666651,24617.66602,1747.32,meters,0.103921179,-0.217239106,-0.062668086,0.125802826,0.504161082,2.018956395,-0.151428523,-0.268347326,-0.363440756,0.074009164,0.138521022,-0.38723011,-0.224886404,-1.711593802,-0.034449354,-1.656711801,-0.461480509,-0.021446954,-4.289460395,2.931338793,0.232978118,-0.044892484,-0.145653546,0.095931469,-0.081531983
OC13,-107.4492493,39.581,NA,8/8/22,male,28.63333321,30.33333397,2.766666651,24617.66602,1747.32,meters,0.103921179,-0.217239106,-0.062668086,0.125802826,0.504161082,2.018956395,-0.151428523,-0.268347326,-0.363440756,0.074009164,0.138521022,-0.38723011,-0.224886404,-1.711593802,-0.034449354,-1.656711801,-0.461480509,-0.021446954,-4.289460395,2.931338793,0.232978118,-0.044892484,-0.145653546,0.095931469,-0.081531983
OC16,-107.44968,39.57887,NA,8/8/22,male,28.63333321,30.33333397,2.766666651,24617.66602,1743.13,meters,0.12448597,-0.261282796,0.499069937,0.288568016,0.280665893,1.525576823,0.286197601,-0.203005087,-3.35898694,-0.542990092,0.228255297,-1.343827846,-0.178841385,-1.606702574,0.249623837,1.226547672,-0.004427314,-0.197598038,1.463427087,-0.902511708,0.024756204,-0.045945228,0.220918723,-0.134615815,0.300649448
OC17,-107.44968,39.57887,NA,8/8/22,male,28.63333321,30.33333397,2.766666651,24617.66602,1743.13,meters,0.12448597,-0.261282796,0.499069937,0.288568016,0.280665893,1.525576823,0.286197601,-0.203005087,-3.35898694,-0.542990092,0.228255297,-1.343827846,-0.178841385,-1.606702574,0.249623837,1.226547672,-0.004427314,-0.197598038,1.463427087,-0.902511708,0.024756204,-0.045945228,0.220918723,-0.134615815,0.300649448
OC18,-107.44968,39.57887,NA,8/8/22,male,28.63333321,30.33333397,2.766666651,24617.66602,1743.13,meters,0.12448597,-0.261282796,0.499069937,0.288568016,0.280665893,1.525576823,0.286197601,-0.203005087,-3.35898694,-0.542990092,0.228255297,-1.343827846,-0.178841385,-1.606702574,0.249623837,1.226547672,-0.004427314,-0.197598038,1.463427087,-0.902511708,0.024756204,-0.045945228,0.220918723,-0.134615815,0.300649448
OC2,-107.44944,39.58023,NA,8/8/22,male,28.63333321,30.33333397,2.766666651,24617.66602,1745.39,meters,0.107596545,-0.224896671,0.011548145,0.147218936,0.469542968,1.965076578,-0.076896381,-0.260621362,-0.843916774,-0.021282951,0.161245743,-0.559902119,-0.238095267,-1.916486631,0.013333761,-1.366694038,-0.466590121,-0.061317707,-4.128086858,2.900514018,0.229751088,-0.043134407,-0.100660406,0.062014015,-0.030460679
OC20,-107.4496994,39.57827,NA,8/8/22,male,28.63333321,30.33333397,2.766666651,24617.66602,1740.87,meters,0.111184934,-0.234677471,0.84621165,0.340175675,0.102942347,0.564889384,0.118605364,-0.098790458,-1.899339365,-0.327348395,-0.001027078,-0.266003564,0.158214918,2.078038866,-0.168874788,-0.300941313,0.327478294,0.304451157,0.151894966,-0.148572042,0.090512315,-0.045022076,-0.732215529,0.524683739,-0.78182139
OC4,-107.44959,39.57992,NA,8/8/22,male,28.63333321,30.33333397,2.766666651,24617.66602,1745.91,meters,0.086602348,-0.181097467,0.13932088,0.148556074,0.2980264,1.362155462,0.055943609,-0.179610548,-1.399087643,-0.17273216,0.14780965,-0.676790388,-0.174884068,-1.504402047,0.089720095,-0.28717542,-0.2513344,-0.102410158,-1.710941781,1.266586741,0.119187529,-0.030345736,0.042252262,-0.030937729,0.100290648
OC7,-107.44985,39.5788002,NA,8/8/22,male,28.63333321,30.33333397,2.766666651,24617.66602,1744.83,meters,0.113355789,-0.237905951,0.466188722,0.265046003,0.248569942,1.361908758,0.265069739,-0.181288998,-3.07823361,-0.500371706,0.20526632,-1.22007496,-0.155775898,-1.393354843,0.225570022,1.152786159,0.013798586,-0.174316446,1.460571992,-0.915027256,0.016798044,-0.041235768,0.191695346,-0.115345278,0.260809363
OC8,-107.44966,39.57876968,NA,8/8/22,male,28.63333321,30.33333397,2.766666651,24617.66602,1742.56,meters,0.119479589,-0.251092234,0.584198918,0.298964275,0.228795066,1.255411422,0.248303446,-0.17254217,-2.998482261,-0.492359371,0.168977968,-1.070505315,-0.088565034,-0.622526905,0.143343689,0.878315804,0.09786886,-0.06417581,1.257566126,-0.803598217,0.035857431,-0.045123339,-0.047979044,0.052427518,-0.007538701
OC9,-107.44962,39.5795,NA,8/8/22,female,28.63333321,30.33333397,2.766666651,24617.66602,1744.58,meters,0.119392582,-0.250330971,0.399522264,0.257384525,0.306028805,1.585343317,0.235022375,-0.209668358,-2.96759547,-0.462096149,0.22338982,-1.243172876,-0.200873019,-1.815543229,0.228450304,0.858006695,-0.103391449,-0.199424614,0.51773486,-0.237433681,0.055915667,-0.043080723,0.220776431,-0.140810994,0.304605501
SC01,-105.12319,40.53902,NA,9/18/22,female,28.56666756,44,3.533333302,23473,1567.47,meters,0.116265702,-0.242630281,-0.619527372,0.5093509,-0.639150956,-0.146690022,2.636324924,-0.216809528,0.389551089,0.998325223,-1.596445363,-0.324788323,-1.363238056,0.376521034,3.82012626,-0.305297021,-1.38044514,1.281310848,0.273734832,0.104326987,0.011933572,0.207601228,0.008201405,0.045976041,0.015105338
SC10,-105.1233,40.53881,NA,9/18/22,male,28.56666756,44,3.533333302,23473,1567.65,meters,0.094858469,-0.197929506,-0.458866829,0.307358267,-0.402392901,-0.143198233,2.168481789,-0.200107703,0.310315524,0.675345252,-0.769980902,-0.06016672,-1.521675283,0.331712619,3.009363427,-0.203901032,-0.5585393,0.48194088,0.066428107,-0.037760012,0.090351929,-0.377614324,1.435643998,0.969910568,-0.837818799
SC15,-105.1233,40.53876,NA,9/18/22,female,28.56666756,44,3.533333302,23473,1567.8,meters,0.093881209,-0.196091605,-0.416413616,0.202062118,-0.28903641,-0.170539624,2.134413163,-0.224219214,0.297853931,0.512264619,-0.194825576,0.147452776,-1.800504108,0.314680659,2.512083108,-0.127864189,0.125364548,-0.187807681,-0.09971081,-0.161523175,0.169727419,-0.839414032,2.399767901,1.589754462,-1.392637431
SC16,-105.12382,40.53857,NA,9/18/22,female,28.56666756,44,3.533333302,23473,1567.46,meters,0.093845399,-0.196482936,-0.387137297,0.104552944,-0.188313115,-0.20482159,2.094861134,-0.252982558,0.28738697,0.34479726,0.382837842,0.345620496,-1.952850288,0.264330946,1.745384085,-0.035887652,0.788778131,-0.829193769,-0.237743758,-0.257509699,0.2295285,-1.087241092,2.587585477,1.695697275,-1.469693203
SC17,-105.1224,40.53892,NA,9/18/22,female,28.56666756,44,3.533333302,23473,1569.98,meters,0.096057818,-0.200383806,-0.524926854,0.455231581,-0.565676171,-0.112468185,2.146638642,-0.169419909,0.32052281,0.861354079,-1.482408654,-0.334986811,-0.955443608,0.29317977,3.096507436,-0.259712308,-1.298430417,1.21772587,0.273518855,0.126381688,-0.018806589,0.365143037,-0.541391542,-0.322134069,0.339837837
SC3,-105.12389,40.5386,NA,9/18/22,male,28.56666756,44,3.533333302,23473,1567.24,meters,0.094747948,-0.199152308,-0.369794961,0.011117289,-0.096454018,-0.246710737,2.04975083,-0.286332546,0.279017002,0.175095282,0.950568755,0.527991958,-1.967854017,0.185496204,0.7920502,0.060424882,1.322332139,-1.334501523,-0.32057773,-0.30486908,0.255759932,-1.053838795,1.938331941,1.253156565,-1.043664398
SC4,-105.12251,40.53969,NA,9/18/22,female,28.56666756,44,3.533333302,23473,1568.73,meters,0.115725232,-0.241570262,-0.661691797,0.604204337,-0.746149339,-0.130190988,2.509049795,-0.195516426,0.381845943,1.058400856,-1.925462242,-0.472133509,-0.850232536,0.289600529,3.212711379,-0.278970882,-1.47915259,1.392444929,0.328639564,0.157354073,-0.027661003,0.533525056,-1.097605279,-0.687057612,0.690753972
SC5,-105.12278,40.54036,NA,9/18/22,female,28.56666756,44,3.533333302,23473,1566.3,meters,0.116318535,-0.243000707,-0.744995257,0.769099726,-0.937075588,-0.112527387,2.201117188,-0.165045912,0.357204084,1.083407994,-2.268110676,-0.65757498,0.095043439,0.079452581,1.430361075,-0.154556549,-1.068661783,1.019032151,0.286511557,0.147643458,-0.031542991,0.699067643,-2.092106672,-1.360852606,1.322283855
SC6,-105.12279,40.54037,NA,9/18/22,male,28.56666756,44,3.533333302,23473,1566.23,meters,0.115159043,-0.240774778,-0.797809799,0.876787556,-1.063324855,-0.10343514,1.888342837,-0.14399017,0.326247183,1.032019321,-2.317314907,-0.723742546,0.679750649,-0.071459266,0.039539448,-0.04400024,-0.534382862,0.512867788,0.186051389,0.083530316,0.004366895,0.505335749,-1.728422621,-1.12849708,1.11251291
SC7,-105.12279,40.54036,NA,9/18/22,female,28.56666756,44,3.533333302,23473,1566.26,meters,0.096720625,-0.202028666,-0.637857084,0.67972008,-0.825544351,-0.088148138,1.722335609,-0.127484918,0.286322469,0.894245001,-1.948980109,-0.588280436,0.341255399,0.004583834,0.647017176,-0.088575511,-0.732543888,0.702864502,0.21519657,0.112870388,-0.02416947,0.593119569,-1.915340189,-1.253170833,1.212459685
SC9,-105.12399,40.53859,NA,9/18/22,female,28.56666756,44,3.533333302,23473,1567.14,meters,0.112224263,-0.23722951,-0.422013608,-0.094988363,-0.011576909,-0.344721202,2.319831751,-0.37624968,0.316614212,0.006098434,1.736618517,0.79938383,-2.140539464,0.099459499,-0.28484845,0.1728807,1.901294623,-1.879000296,-0.385283846,-0.340422102,0.281188446,-0.868376845,0.768115694,0.471715865,-0.295288357
SP10,-105.016348,40.985045,1922.853027,7/15/22,male,26.89999962,49.33333206,3.933333397,23212,1923.56,meters,0.104471835,-0.219111809,-0.921604359,1.151232505,-1.39205227,-0.092441813,0.481091619,-0.086453812,0.162987147,0.49180581,-1.284394993,-0.478126083,1.041410704,-0.228795745,-1.714527115,0.120462938,0.493743511,-0.47543655,-0.055127497,-0.075815567,0.087868032,-0.191515955,0.332438877,0.224040044,-0.158979434
SP11,-105.01623,40.984949,1921.761841,7/15/22,male,26.89999962,49.33333206,3.933333397,23212,1923.24,meters,0.137815295,-0.288743367,-1.09503944,1.304703059,-1.57656066,-0.115844144,1.533873448,-0.136898089,0.318543757,1.055488579,-2.635259468,-0.915757102,1.818348829,-0.376002693,-2.761341485,0.186831701,0.706381664,-0.677770114,-0.065009645,-0.10470008,0.133095186,-0.230304839,0.298467483,0.208314634,-0.100148572
SP12,-105.016592,40.985037,1921.359131,7/15/22,male,26.89999962,49.33333206,3.933333397,23212,1923.34,meters,0.10660975,-0.224038701,-1.047027632,1.356507269,-1.641858398,-0.102376017,-0.212048561,-0.0739631,0.087469039,0.178519808,-0.543299964,-0.250884458,0.627018349,-0.153559259,-1.14758225,0.083800447,0.370196341,-0.359833071,-0.041536448,-0.062986243,0.07429184,-0.169956126,0.330661446,0.221761158,-0.169502978
SP15,-105.017372,40.985571,1921.690918,7/15/22,male,26.83333397,49.33333206,3.933333397,23216,1925.46,meters,0.142827662,-0.30203986,-1.710864063,2.319821695,-2.813129368,-0.167229952,-1.964538879,-0.076701689,-0.061380415,-0.53355492,1.143037251,0.247031767,-0.369728327,0.027707221,0.343678725,-0.018878888,-0.035021046,0.017117644,0.03582938,-0.026747153,0.069458001,-0.052962938,0.049139574,0.04503391,0.018819333
SP16,-105.017439,40.98558,1922.590576,7/15/22,male,26.83333397,49.33333206,3.933333397,23216,1925.5,meters,0.149946927,-0.31752299,-1.859805011,2.537701956,-3.078313828,-0.182295617,-2.386250494,-0.077246048,-0.098022203,-0.709364829,1.565131848,0.373826027,-0.640006459,0.078936163,0.773511563,-0.049420306,-0.164252841,0.138056618,0.061920227,-0.013870061,0.067426462,-0.006436409,-0.076942594,-0.034804363,0.103823746
SP17,-105.017439,40.98558,1922.590576,7/15/22,male,26.83333397,49.33333206,3.933333397,23216,1925.5,meters,0.149946927,-0.31752299,-1.859805011,2.537701956,-3.078313828,-0.182295617,-2.386250494,-0.077246048,-0.098022203,-0.709364829,1.565131848,0.373826027,-0.640006459,0.078936163,0.773511563,-0.049420306,-0.164252841,0.138056618,0.061920227,-0.013870061,0.067426462,-0.006436409,-0.076942594,-0.034804363,0.103823746
SP3,-105.015716,40.984917,1924.30188,7/15/22,female,26.89999962,49.33333206,3.933333397,23212,1922.83,meters,0.120129113,-0.251568322,-0.940711393,1.119201107,-1.350658846,-0.095493388,1.438807984,-0.116037831,0.290391388,1.000327078,-2.55395818,-0.898697011,1.991236886,-0.429005106,-3.329841022,0.237812631,1.015257147,-0.973869993,-0.138934908,-0.152206709,0.157219855,-0.449002606,0.975571594,0.655225132,-0.515588834
SP4,-105.015716,40.984917,1924.30188,7/15/22,male,26.89999962,49.33333206,3.933333397,23212,1922.83,meters,0.120129113,-0.251568322,-0.940711393,1.119201107,-1.350658846,-0.095493388,1.438807984,-0.116037831,0.290391388,1.000327078,-2.55395818,-0.898697011,1.991236886,-0.429005106,-3.329841022,0.237812631,1.015257147,-0.973869993,-0.138934908,-0.152206709,0.157219855,-0.449002606,0.975571594,0.655225132,-0.515588834
SP6,-105.014729,40.985396,1917.226562,7/15/22,female,26.89999962,49.33333206,3.933333397,23212,1922.04,meters,0.099295835,-0.207822859,-0.769715787,0.915048605,-1.103810259,-0.077021211,1.203017424,-0.094228297,0.24071972,0.837790913,-2.150232824,-0.758541416,1.721433597,-0.373765204,-2.933322585,0.21157361,0.921857476,-0.884133148,-0.133109386,-0.13819558,0.136970574,-0.424952744,0.969872222,0.64953751,-0.526186366
SP7,-105.017159,40.985378,1925.93811,7/15/22,male,26.83333397,49.33333206,3.933333397,23216,1925.07,meters,0.111267724,-0.234490814,-1.212702499,1.613877063,-1.955337711,-0.117913775,-0.91747346,-0.06644522,0.015867875,-0.134955209,0.207712629,-0.020434812,0.166217222,-0.066826878,-0.455731809,0.036410462,0.18575554,-0.186923314,-0.011225543,-0.043751647,0.063450607,-0.115943731,0.221750816,0.15199775,-0.104117825
SP8,-105.017649,40.985737,1926.509155,7/15/22,female,26.83333397,49.33333206,3.933333397,23216,1925.91,meters,0.168883691,-0.357779942,-2.121206763,2.90137348,-3.519872008,-0.208096068,-2.835469036,-0.085231951,-0.126226242,-0.86859949,1.934491539,0.475574237,-0.844446155,0.114025465,1.080184666,-0.07088142,-0.252807311,0.219665328,0.082655975,-0.007374079,0.071899662,0.022245745,-0.165961201,-0.090266741,0.16796932
SP9,-105.017979,40.986472,1926.303467,7/15/22,female,26.83333397,49.33333206,3.933333397,23216,1927.19,meters,0.111052906,-0.23510355,-1.386718324,1.897812824,-2.302285326,-0.135602383,-1.881770561,-0.054312853,-0.086908537,-0.583771858,1.304396868,0.324600035,-0.582848645,0.081517119,0.760440745,-0.050336727,-0.183690781,0.161515378,0.056339331,-0.001439537,0.04289351,0.025048401,-0.131876055,-0.074833647,0.12189744